{
  "info": {
    "name": "UserCRUD - Non-Maven Spring Boot",
    "_postman_id": "9e0a2c9b-0000-4000-8000-usercrud",
    "description": "CRUD endpoints and tests for User entity",
    "schema": "https://schema.getpostman.com/json/collection/v2.1.0/collection.json"
  },
  "item": [
    {
      "name": "Get All Users",
      "request": {
        "method": "GET",
        "header": [],
        "url": {
          "raw": "http://localhost:8080/api/users",
          "protocol": "http",
          "host": [
            "localhost"
          ],
          "port": "8080",
          "path": [
            "api",
            "users"
          ]
        }
      },
      "response": [],
      "event": [
        {
          "listen": "test",
          "script": {
            "exec": [
              "pm.test('Status is 200', function () {",
              "  pm.response.to.have.status(200);",
              "});",
              "pm.test('Body is array', function () {",
              "  pm.expect(pm.response.json()).to.be.an('array');",
              "});"
            ],
            "type": "text/javascript"
          }
        }
      ]
    },
    {
      "name": "Create User",
      "request": {
        "method": "POST",
        "header": [
          {
            "key": "Content-Type",
            "value": "application/json"
          }
        ],
        "body": {
          "mode": "raw",
          "raw": "{\"name\": \"Rahul\", \"age\": 25, \"place\": \"Chennai\", \"contactNumber\": \"9876543210\"}"
        },
        "url": {
          "raw": "http://localhost:8080/api/user",
          "protocol": "http",
          "host": [
            "localhost"
          ],
          "port": "8080",
          "path": [
            "api",
            "user"
          ]
        }
      },
      "response": [],
      "event": [
        {
          "listen": "test",
          "script": {
            "exec": [
              "pm.test('Status is 200 or 201', function(){",
              "  pm.expect([200,201]).to.include(pm.response.code);",
              "});",
              "pm.test('Has id', function(){",
              "  var b = pm.response.json();",
              "  pm.expect(b).to.have.property('id');",
              "});"
            ],
            "type": "text/javascript"
          }
        }
      ]
    },
    {
      "name": "Get User By ID",
      "request": {
        "method": "GET",
        "url": {
          "raw": "http://localhost:8080/api/user/{{id}}",
          "protocol": "http",
          "host": [
            "localhost"
          ],
          "port": "8080",
          "path": [
            "api",
            "user",
            "{{id}}"
          ]
        }
      },
      "response": []
    },
    {
      "name": "Update User",
      "request": {
        "method": "PUT",
        "header": [
          {
            "key": "Content-Type",
            "value": "application/json"
          }
        ],
        "body": {
          "mode": "raw",
          "raw": "{\"name\": \"Rahul S\", \"age\": 26, \"place\": \"Bengaluru\", \"contactNumber\": \"9999999999\"}"
        },
        "url": {
          "raw": "http://localhost:8080/api/users/{{id}}",
          "protocol": "http",
          "host": [
            "localhost"
          ],
          "port": "8080",
          "path": [
            "api",
            "users",
            "{{id}}"
          ]
        }
      },
      "response": [],
      "event": [
        {
          "listen": "test",
          "script": {
            "exec": [
              "pm.test('Status is 200', function(){ pm.response.to.have.status(200); });",
              "pm.test('Updated name', function(){ pm.expect(pm.response.json().name).to.eql('Rahul S'); });"
            ],
            "type": "text/javascript"
          }
        }
      ]
    },
    {
      "name": "Delete User",
      "request": {
        "method": "DELETE",
        "url": {
          "raw": "http://localhost:8080/api/user/{{id}}",
          "protocol": "http",
          "host": [
            "localhost"
          ],
          "port": "8080",
          "path": [
            "api",
            "user",
            "{{id}}"
          ]
        }
      },
      "response": [],
      "event": [
        {
          "listen": "test",
          "script": {
            "exec": [
              "pm.test('Status is 204', function(){ pm.response.to.have.status(204); });"
            ],
            "type": "text/javascript"
          }
        }
      ]
    }
  ],
  "variable": [
    {
      "key": "id",
      "value": "1"
    }
  ]
}